"player_id","player_name","highmean","highq3","lowmean","n","highmax","lowmax","bwar","war","earnings","lastyear"
6,"Aaron Altherr",27.5,33.75,10.5,2,40,15,2.285,2.278333333,2965000,2019
7,"Aaron Boone",32.5,36.25,12.5,2,40,15,11.795587585,11.795587585,16305000,2009
8,"Aaron Civale",15,15,6,1,15,6,0.005,7.56351515,15500000,2025
9,"Aaron Judge",254.314814814815,250,103.259259259259,216,3000,1250,67.44218182,67.44218182,159526100,2025
10,"Aaron Nola",23.3170731707317,25,9.51219512195122,41,120,50,-0.415,37.380333333,107527358,2025
12,"Abraham Toro",20,20,8,1,20,8,0.149,0.149,2525000,2024
20,"Adalberto Mejia",20,20,8,1,20,8,-0.005,1.331666666,1095000,2019
21,"Adalberto Mondesi",19,22.5,7.66666666666667,3,30,12,7.8475,7.8475,6633250,2022
22,"Adam Duvall",24.5714285714286,32.5,9.85714285714286,7,50,20,12.421639752,12.421639752,27132500,2024
23,"Adam Jones",50.7142857142857,65,20,7,150,60,30.690931677,30.690931677,98523332,2019
26,"Adbert Alzolay",15,15,6,2,15,6,-0.29,3.074333333,2854750,2024
28,"Addison Russell",57.4666666666667,50,22.8666666666667,15,150,60,11.755889571,11.755889571,7771000,2019
29,"Adley Rutschman",611.911764705882,725,242.764705882353,34,5000,2000,15.5,15.5,6994200,2025
30,"Adolis Garcia",62,80,24,5,80,30,13.496818182,13.496818182,14747760,2025
31,"Adrian Beltre",76.6176470588235,95,30.6176470588235,34,200,75,88.627638037,88.627638037,219140000,2018
32,"Adrian Gonzalez",15,15,6,1,15,6,40.148343558,40.148343558,145934500,2018
33,"Adrian Morejon",20,20,8,1,20,8,-0.01,3.714121211,3650000,2025
38,"Albert Almora",60,85,23.25,4,100,40,2.863432515,2.763432515,3527000,2022
39,"Albert Pujols",78.3030303030303,60,31.5151515151515,33,500,200,95.381459627,95.271459627,346540436,2022
46,"Alcides Escobar",12,12,5,1,12,5,11.735,11.688333333,26483500,2022
47,"Alec Bohm",76.3513513513514,100,30.2702702702703,37,200,75,1.231409091,1.231409091,12448000,2025
49,"Aledmys Diaz",35.625,42.5,14,8,50,20,7.580847826,7.580847826,33550000,2024
50,"Alejandro Kirk",20,20,8,1,20,8,9.622772727,9.622772727,8167300,2025
51,"Alek Manoah",37.5,43.75,15,2,50,20,-0.005,7.211666666,1528150,2024
52,"Alek Thomas",28.3333333333333,32.5,11,3,40,15,3.495909091,3.495909091,1504700,2025
53,"Alex Bregman",59.8265306122449,75,23.6734693877551,98,250,100,47.973468944,47.973468944,138445567,2025
54,"Alex Gordon",30.4,50,12.2,5,50,20,33.6675,33.554166667,113293000,2020
59,"Alex Reyes",15.4,15,6.2,5,20,8,-0.13,2.615632183,2010200,2021
60,"Alex Rodriguez",91.4,66.25,21.5,10,510,75,115.451714045,115.451714045,396416252,2016
64,"Alex Verdugo",39.375,40,15.4375,16,150,60,14.247414548,14.247414548,20610000,2025
76,"Amed Rosario",34.9666666666667,50,13.9333333333333,30,120,50,9.139909091,9.139909091,19774440,2025
78,"Andres Galarraga",17.8333333333333,18.75,7.16666666666667,6,30,12,32.201123078,32.201123078,47529167,2004
79,"Andres Munoz",31.6666666666667,40,12,3,40,15,0,10.849090909,6562500,2025
80,"Andrew Benintendi",91.25,105,36.6666666666667,96,600,300,14.3485,14.3485,63187000,2025
82,"Andrew McCutchen",61.4,80,24.7666666666667,30,150,60,52.000673913,52.000673913,135375000,2025
83,"Andrew Miller",15,15,6,1,15,6,-0.776832298,10.201814093,81380219,2021
84,"Andrew Stevenson",20,20,8,2,20,8,2.079,2.079,559100,2023
86,"Andrew Velazquez",60,60,25,1,60,25,0.334,0.334,0,2023
88,"Andruw Jones",26,25,10.2,5,40,15,64.844782609,64.844782609,106933410,2012
89,"Andy Pages",75,87.5,30,2,100,40,1.541521739,1.541521739,740000,2025
94,"Andy Pettitte",55.3125,60,22,16,150,60,-0.421693595,63.362204449,139832416,2013
97,"Anthony Rendon",22.1428571428571,25,8.85714285714286,7,25,10,37.8925,37.8925,211657143,2024
99,"Anthony Rizzo",56.0892857142857,60,23.0267857142857,112,400,200,39.735960123,39.745939673,121571429,2024
100,"Anthony Santander",19.2,18.75,7.7,10,50,20,11.921045455,11.921045455,41096500,2025
102,"Anthony Volpe",503.333333333333,575,200,6,1000,400,11.047727273,11.047727273,1530100,2025
104,"Archie Bradley",13.5,14.25,5.5,2,15,6,-0.555,6.666333333,16806000,2023
108,"Aristides Aquino",22.25,23.75,9,4,50,20,1.722,1.722,0,2022
109,"Aroldis Chapman",23.3333333333333,27.5,9,3,40,15,-0.005,25.492391304,157810772,2025
112,"Austin Barnes",15,15,6,1,15,6,6.639445719,6.639445719,18082500,2025
114,"Austin Hays",29.95,25,12,20,150,60,13.208409091,13.208409091,13500000,2025
116,"Austin Meadows",29,25,11.6,5,50,20,6.419152174,6.419152174,4857400,2023
117,"Austin Riley",148.058823529412,200,56.5882352941176,34,600,250,24.723627329,24.723627329,61950000,2025
118,"Austin Wells",37.5,48.75,215.5,2,60,425,6.416818182,6.416818182,750000,2025
124,"Barry Bonds",250,250,100,1,250,100,167.094862598,167.094862598,188245322,2007
125,"Barry Larkin",61.125,60,24.2083333333333,24,200,75,71.121828778,71.121828778,78467500,2004
144,"Ben Zobrist",34.375,42.5,13.5,8,50,20,43.691349693,43.701349693,86820500,2019
151,"Bernie Williams",43.3333333333333,50,17.1666666666667,6,50,20,48.420255824,48.420255824,103100001,2006
171,"Billy Hamilton",30,30,12,1,30,12,13.7055,13.7055,14440000,2023
173,"Billy Wagner",25,25,10,1,25,10,-0.07,27.213749999,92883000,2010
178,"Blake Snell",25.8333333333333,31.25,10.3333333333333,12,50,20,0.01,25.907608697,111540067,2025
179,"Blake Swihart",80,80,30,1,80,30,0.00999999999999994,0.00999999999999994,1992000,2019
180,"Blake Treinen",25,25,10,1,25,10,-0.095,12.416565217,45651400,2025
190,"Bo Bichette",153.34693877551,150,61.0612244897959,98,1200,500,22.868863636,22.868863636,33600000,2025
197,"Bobby Abreu",30,37.5,12.3333333333333,3,60,25,59.969192547,59.969192547,124379666,2014
199,"Bobby Dalbec",22.8571428571429,25,9,7,40,15,0.7615,0.7615,0,2024
205,"Bobby Witt",713.333333333333,1050,268.333333333333,3,2000,750,-0.028856665,19.93335558,21635833,2001
211,"Brad Keller",25,27.5,10,3,30,12,-0.06,13.003000001,16573125,2025
213,"Bradley Zimmer",23.5714285714286,25,9.28571428571429,7,40,15,2.5045,2.5045,1112400,2022
214,"Brady Singer",32.5,36.25,12.5,2,40,15,0,13.722121212,16550000,2025
216,"Brandon Belt",25,25,10,1,25,10,31.9135,31.9135,114626500,2023
217,"Brandon Crawford",20,20,8,1,20,8,32.582,32.518666667,113746000,2024
218,"Brandon Lowe",22.8947368421053,27.5,9.05263157894737,19,50,20,20.126545455,20.126545455,33500000,2025
219,"Brandon Marsh",98.3333333333333,72.5,37.3333333333333,6,400,150,3.735,3.735,4501000,2025
220,"Brandon Nimmo",34.2857142857143,37.5,13.4285714285714,7,80,30,25.896909091,25.896909091,75065493,2025
221,"Brandon Pfaadt",20,20,8,1,20,8,0,4.556666667,754400,2025
222,"Brandon Phillips",20,20,8,1,20,8,29.145,29.145,99708400,2018
223,"Brandon Williamson",25,25,10,1,25,10,0,1.833333334,742500,2024
224,"Brandon Woodruff",16.6521739130435,15,6.69565217391304,23,40,15,0.723834356,21.7277137,21986500,2023
236,"Brendan McKay",41.1904761904762,60,16.2857142857143,21,100,40,0.025,0.238333333,0,2019
237,"Brendan Rodgers",28,40,10.8,5,40,15,2.723338509,2.723338509,7900000,2025
238,"Brendon Little",40,40,15,1,40,15,0,0.731818182,740000,2025
240,"Brent Rooker",335,377.5,34,2,420,48,8.342590909,8.342590909,5475000,2025
241,"Brenton Doyle",31.6666666666667,37.5,12.6666666666667,3,50,20,9.322857143,9.322857143,742000,2025
244,"Brett Gardner",25,25,10,1,25,10,41.6005,41.6005,82996000,2021
245,"Brett Phillips",106,153,40,2,200,75,4.72543865,4.468771983,2600000,2023
246,"Brian Anderson",23.1538461538462,25,9.07692307692308,13,80,30,11.469448691,23.71192688,37149000,2024
247,"Brian Dozier",18.75,21.25,7.5,4,25,10,24.282855828,24.229522495,30037500,2020
248,"Brian McCann",15,15,6,1,15,6,41.845,41.845,128340166,2019
252,"Brock Holt",90,95,35,2,100,40,6.4975,6.3815,13136500,2021
257,"Bryan Reynolds",28.3333333333333,35,11,3,40,15,19.262369565,19.262369565,36250000,2025
264,"Bryce Elder",25,25,10,1,25,10,0,0.981428571,740000,2025
265,"Bryce Harper",119.332236842105,200,50.5921052631579,152,700,500,61.674909091,61.674909091,224169231,2025
268,"Bryse Wilson",23.3333333333333,23.75,9.16666666666667,6,40,15,-0.185093168,0.808933747,3347600,2025
269,"Bryson Stott",56.6666666666667,65,21.6666666666667,3,80,30,11.612727273,11.612727273,4702500,2025
275,"Buster Posey",53.5149253731343,70,21.7611940298507,67,300,150,51.4,51.4,146123334,2021
278,"Byron Buxton",45,50,18,14,150,60,31.108409091,31.108409091,66148928,2025
282,"Cal Raleigh",80,80,30,1,80,30,20.872272727,20.872272727,7153300,2025
295,"Carlos Correa",90.0545454545454,100,35.4590909090909,55,400,150,44.421272727,44.421272727,165851700,2025
296,"Carlos Gonzalez",25,25,10,1,25,10,24.699157871,24.699157871,83337571,2019
297,"Carlos Rodon",21.4,20,8.4,5,40,15,0.065,20.128117823,115068000,2025
298,"Carlos Santana",63.4,50,24.2,5,200,75,36.836375777,36.836375777,132218500,2025
305,"Casey Mize",71,80,28,15,250,100,0.015,7.675585162,3170000,2025
310,"CC Sabathia",80,80,30,1,80,30,0.5,65.786666666,260357142,2019
315,"Cedric Mullins",27.9142857142857,30,11.0571428571429,35,60,25,25.249571429,25.249571429,19707500,2025
318,"Chad Green",15,15,6,2,15,6,-0.085,8.969606061,31844450,2025
323,"Charlie Blackmon",21.4166666666667,21.25,8.66666666666667,12,60,25,22.420775083,22.420775083,138298500,2024
324,"Chipper Jones",114.207547169811,150,44.4528301886792,53,210,75,85.310710404,85.310710404,168443133,2012
325,"Chris Carpenter",15,15,6,1,15,6,-1.041615669,36.859647525,88274956,2012
327,"Chris Davis",32.5,42.5,12.75,4,50,20,9.6305,9.793833334,141958740,2020
328,"Chris Paddack",33,40,13,5,50,20,-0.4,1.88430303,13080000,2025
329,"Chris Sale",43.7636363636364,50,17.3636363636364,55,150,60,0.015,53.012619046,185425000,2025
330,"Chris Stratton",15,15,6,1,15,6,-0.155,0.608,15720000,2025
331,"Chris Taylor",24,25,9.6,15,50,20,19.831622166,19.831622166,73987400,2025
334,"Christian Arroyo",27.5,33.75,10.5,2,40,15,1.5815,1.498166667,3200000,2023
335,"Christian Vazquez",90,110,36.6666666666667,3,120,50,10.304,10.304,52799000,2025
336,"Christian Villanueva",20,22.5,8,2,25,10,2.175,2.175,548500,2018
337,"Christian Yelich",84.0625,100,33.3125,32,150,60,44.027718969,44.027718969,152825000,2025
342,"Clayton Kershaw",59.2976190476191,100,24.5386904761905,84,300,125,2.189645049,85.261070292,299701142,2024
349,"Clint Frazier",46.9189189189189,50,18.5675675675676,37,250,100,2.7645,2.7645,4722500,2023
353,"Cody Bellinger",109.676470588235,127.5,48.4705882352941,68,1200,800,26.581004462,26.581004462,113290000,2025
355,"Cole Hamels",30,30,12,1,30,12,1.154478528,58.242560327,210400000,2020
357,"Colin Moran",20,22.5,8,3,25,10,1.677503106,1.677503106,4929500,2022
363,"Corbin Burnes",43.4634146341463,50,17.1951219512195,41,150,60,0.18993865,24.008622792,64376967,2025
364,"Corbin Carroll",90,100,35.4,5,200,75,21.74863636,21.74863636,10875000,2025
365,"Corey Kluber",42.5925925925926,55,15.7037037037037,27,210,50,-0.070031056,36.127136646,71305800,2023
367,"Corey Seager",57.8461538461538,80,22.6666666666667,78,300,125,46.979572225,46.979572225,163040000,2025
371,"Craig Biggio",29.1666666666667,36.25,11.3333333333333,6,40,15,68.22908779,68.22908779,82165500,2007
372,"Craig Kimbrel",43.2142857142857,50,17,14,100,40,-0.01,22.018666668,119164000,2024
375,"Cristian Javier",20,20,8,1,20,8,0,10.143130435,10800000,2024
383,"Curt Schilling",56.6666666666667,75,22.6666666666667,3,100,40,-1.057336957,79.866351966,105953000,2007
385,"Dakota Hudson",17.3333333333333,20,7,3,25,10,-0.205,5.859022988,5759100,2024
388,"Daniel Mengden",20,22.5,8,2,25,10,0.025,2.507000001,1085000,2022
389,"Daniel Murphy",34.1666666666667,40,13.3333333333333,6,50,20,19.258515337,19.258515337,73460198,2020
390,"Daniel Vogelbach",20,20,8,1,20,8,1.552,1.552,6258600,2024
391,"Danny Duffy",27.5,33.75,10.5,2,40,15,-0.04,20.065333332,72642875,2021
393,"Danny Jansen",19,20,7.6,5,25,10,10.623090909,10.623090909,19208700,2025
394,"Danny Mendick",25,25,10,1,25,10,0.701677019,0.515010352,1865591,2024
395,"Danny Salazar",20,20,8,1,20,8,-0.190962733,9.721811595,8937700,2019
396,"Dansby Swanson",75.6,100,29.8166666666667,60,400,200,27.919445653,27.919445653,88840000,2025
397,"Dariel Alvarez",12,12,5,1,12,5,0.145,0.145,0,2016
405,"Dave Roberts",40,40,15,1,40,15,10.980697658,33.756460075,17699500,2008
408,"David Bote",42.9166666666667,52.5,17.0833333333333,12,100,40,3.933125767,3.943125767,10551500,2024
409,"David Cone",27,25,10.6,5,40,15,0.752186723,63.347679921,66947501,2003
410,"David Fletcher",1.5,1.5,0.6,1,1.5,0.6,11.548,11.548,18561500,2024
411,"David Justice",21.6666666666667,25,8.66666666666667,3,25,10,42.596254086,42.596254086,59028500,2002
414,"David Ortiz",100.771428571429,120,40.7142857142857,35,300,125,52.97431677,52.97431677,159512500,2016
415,"David Peterson",20,20,8,1,20,8,-0.02,10.252545455,7525000,2025
416,"David Price",30.1333333333333,32.5,11.8666666666667,15,80,30,-0.114945128,42.274898259,238531842,2022
417,"David Wells",15,15,6,1,15,6,-0.345233086,56.92649864,58568667,2007
418,"David Wright",41.25,50,16.25,4,50,20,50.205,50.205,145446500,2018
425,"Deion Sanders",104,100,42,5,120,50,6.752766632,6.752766632,12925847,2001
426,"Deivi Garcia",37.5,52.5,15.25,4,60,25,0,0.453,0,2024
428,"Dellin Betances",43.75,48.75,18,4,120,50,-0.005,10.714666666,30242100,2021
431,"Dereck Rodriguez",25,30,9.66666666666667,3,40,15,-0.12,0.286666667,561250,2023
433,"Derek Jeter",173.283333333333,105,89.6833333333333,60,1000,600,72.160484388,72.160484388,265159364,2014
434,"Derek Lowe",25,25,10,1,25,10,1.054968944,37.322390858,111667000,2013
440,"Dexter Fowler",37,52.5,14.5,8,80,30,19.426206897,19.426206897,115181000,2021
445,"Didi Gregorius",39.0476190476191,40,16.5238095238095,21,120,50,16.2665,16.2665,71076400,2022
450,"Domingo Santana",15,15,6,1,15,6,3.332223926,3.332223926,4828400,2020
451,"Dominic Smith",29.7,28.75,11.7,10,80,30,3.156,3.226,10489428,2024
458,"Drew Stubbs",15,15,6,1,15,6,9.834409938,9.834409938,15035000,2017
459,"Drew Waters",21.6666666666667,22.5,8.66666666666667,3,25,10,0.279782609,0.279782609,740000,2025
461,"Dustin May",48.4285714285714,47.5,19.4047619047619,42,500,200,-0.115,9.061652174,3810000,2025
462,"Dustin Pedroia",42.05,50,16.8,20,120,50,48.175,48.175,114087000,2019
464,"Dwight Gooden",29.2307692307692,25,11.6923076923077,13,100,40,4.440915218,56.136735486,36035002,2000
465,"Dylan Bundy",20,22.5,8,2,25,10,-0.025,11.502333333,23010000,2022
466,"Dylan Carlson",82.9545454545455,95,32.3181818181818,22,200,75,3.019211823,3.019211823,4067400,2025
467,"Dylan Cease",32.8260869565217,40,13.0869565217391,23,60,25,0.16,16.938729155,27450000,2025
473,"Eddie Rosario",78.3333333333333,110,29.6666666666667,3,200,75,12.213822982,12.213822982,41637500,2025
474,"Edgar Martinez",40.3125,50,16.0625,16,120,50,69.106800039,69.106800039,49479368,2004
476,"Eduardo Rodriguez",120,120,50,1,120,50,-0.185,24.285447957,78080500,2025
477,"Edwin Diaz",20,20,8,2,20,8,-0.22,12.597848485,66372425,2025
479,"Edwin Encarnacion",112.5,156.25,42.5,2,200,75,33.699125767,33.699125767,97123000,2020
482,"Eloy Jimenez",97.198275862069,100,38.2241379310345,116,800,300,7.36876087,7.36876087,40000000,2024
486,"Ender Inciarte",20,20,8,1,20,8,15.841822981,15.841822981,30536000,2022
487,"Enyel De Los Santos",12,12,5,1,12,5,-0.085,1.089761904,2350000,2025
489,"Eric Davis",25,25,10,1,25,10,35.352739131,35.352739131,31925680,2001
490,"Eric Haase",12,12,5,1,12,5,3.804153605,3.804153605,2090100,2025
491,"Eric Hosmer",17.3333333333333,20,7,3,25,10,16.5555,16.5555,136500750,2023
492,"Eric Thames",14,15,5.66666666666667,3,15,6,2.508138037,2.508138037,18485900,2020
495,"Eugenio Suarez",12,12,5,1,12,5,27.144181818,27.144181818,68854286,2025
496,"Evan Carter",200,200,75,1,200,75,1.75,1.75,745000,2024
497,"Evan Gattis",120,120,50,2,120,50,8.91,8.91,16636750,2018
498,"Evan Longoria",28,25,11.2,5,50,20,58.239214724,58.239214724,143333332,2023
502,"Felipe Vazquez",12,12,5,1,12,5,-0.025031056,8.289316769,8580600,2019
503,"Felix Hernandez",12,12,5,2,12,5,0.01,53.120000001,217500000,2019
507,"Fernando Romero",15,15,6,1,15,6,-0.02,0.266666666,0,2019
509,"Fernando Tatis",325,362.5,125,2,400,150,6.538548375,6.538548375,17810000,2010
523,"Framber Valdez",17.5,18.75,7,2,20,8,-0.025,22.789060041,40466600,2025
524,"Francisco Alvarez",200,200,75,1,200,75,3.405,3.405,762500,2024
525,"Francisco Lindor",51.6390977443609,60,20.9548872180451,133,250,100,58.382360248,58.382360248,188792800,2025
526,"Francisco Mejia",40.5555555555556,50,16,18,100,40,1.13,0.966666667,4166300,2023
529,"Frank Thomas",78.016393442623,100,30.7704918032787,61,400,150,94.943266813,94.943266813,107339000,2008
532,"Franmil Reyes",15,15,6,1,15,6,3.9635,3.976833333,7120500,2023
537,"Fred McGriff",50,55,20,2,60,25,57.000473636,57.000473636,65860818,2004
541,"Freddie Freeman",47.6969696969697,75,18.9090909090909,66,200,75,69.053279503,69.053279503,241634000,2025
542,"Freddy Peralta",20,20,8,1,20,8,-0.518558282,20.129294479,21754440,2025
551,"Gabriel Moreno",63.3333333333333,85,25.3333333333333,3,150,60,7.291363636,7.291363636,1482600,2025
553,"Garrett Crochet",25,25,10,1,25,10,0,14.42184058,4600000,2025
554,"Garrett Mitchell",35,37.5,13.5,2,40,15,5.685,5.685,1468600,2025
555,"Garrett Richards",17.5,18.75,7,2,20,8,-0.15,11.947,53290000,2022
557,"Gary Sanchez",47.6153846153846,60,19.2307692307692,13,150,60,12.036428571,11.187857143,35198100,2025
558,"Gary Sheffield",25,25,10,2,25,10,62.606466534,62.606466534,168008550,2009
559,"Gavin Lux",54.4318181818182,25,21.7272727272727,44,600,250,10.404090909,10.404090909,4550000,2025
562,"Genesis Cabrera",15,15,6,1,15,6,-0.025,0.402241379,2462500,2024
566,"George Kirby",60,60,25,1,60,25,0,9.33,1556900,2024
567,"George Springer",38.375,40,14.95,40,200,75,45.435727273,45.435727273,175768633,2025
568,"Geraldo Perdomo",20,20,8,1,20,8,15.308181818,15.308181818,4074600,2025
569,"Gerrit Cole",42.8666666666667,60,16.9333333333333,15,100,40,0.565,48.818999999,205584500,2024
570,"Giancarlo Stanton",35.5384615384615,50,14.3076923076923,13,120,50,44.726257764,44.726257764,236933000,2024
574,"Gio Urshela",40,45,16,2,50,20,11.32190542,11.32190542,25725000,2025
581,"Gleyber Torres",105.230769230769,120,41.5897435897436,78,600,250,16.937227273,16.937227273,50550200,2025
591,"Grayson Rodriguez",5,5,10,1,5,10,0,3.126666667,748300,2024
594,"Greg Allen",22.5,25,9,4,25,10,1.561,1.561,560400,2023
595,"Greg Bird",40,40,15,1,40,15,0.56,0.56,2327500,2019
596,"Greg Holland",15,15,6,1,15,6,0,13.75,42161650,2022
597,"Greg Maddux",77.875,100,30.6875,16,200,75,1.892739487,121.598316552,153845000,2008
611,"Guillermo Heredia",20,20,8,1,20,8,3.356826087,3.356826087,3127500,2022
612,"Gunnar Henderson",275,287.5,112.5,2,300,125,17.157857143,17.157857143,1479400,2025
618,"Hanley Ramirez",20,20,8,1,20,8,40.053881988,40.053881988,159268000,2019
619,"Hans Crouse",25,25,10,1,25,10,-0.005,0.268333333,0,2024
622,"Harold Baines",25,25,10,1,25,10,40.267065495,40.267065495,24863931,2001
635,"Harrison Bader",28.1428571428571,26.25,11.1428571428571,28,50,20,20.070125392,20.070125392,23028300,2025
639,"Heath Fillmyer",12,12,5,1,12,5,0.085,0.538333333,0,2019
642,"Heliot Ramos",38,40,15,5,60,25,3.141363636,3.141363636,740000,2025
648,"Heston Kjerstad",55,57.5,22.5,2,60,25,1.895714286,1.895714286,740000,2025
650,"Hideki Matsui",122.818181818182,120,54.0909090909091,11,250,100,17.207484663,17.207484663,83250000,2012
668,"Hunter Greene",90.5,60,38.9545454545455,22,600,300,0,15.93,11000000,2025
669,"Hunter Pence",40,40,15,1,40,15,29.122273292,29.122273292,130435000,2020
671,"Hunter Renfroe",20,22.5,8,4,30,12,3.97076087,3.97076087,40138000,2025
678,"Ichiro Suzuki",177,300,91.6,5,500,300,58.810062112,58.800062112,167181483,2019
683,"Ivan Herrera",60,80,24,2,100,40,6.861818182,6.861818182,743150,2025
684,"Ivan Rodriguez",37.9166666666667,40,14.75,12,80,30,70.218398104,70.218398104,122573932,2011
686,"Jack Flaherty",34.8125,40,13.6875,16,60,25,0.445,19.829179729,55011600,2025
693,"Jacob deGrom",59.0886075949367,80,23.2025316455696,79,400,150,2.745,52.156545454,227613875,2025
694,"Jacoby Ellsbury",15,15,6,1,15,6,30.585,30.585,105373428,2017
695,"JaCoby Jones",15,15,6,1,15,6,2.243466482,2.243466482,5877600,2021
696,"Jaime Barria",12,12,5,1,12,5,-0.12,4.970333333,1050000,2023
697,"Jake Arrieta",45,52.5,18.5,2,60,25,1.51,24.872000001,110891500,2021
699,"Jake Burger",17.5,18.75,7,2,20,8,1.174090909,1.174090909,760000,2025
700,"Jake Cave",12,12,5,2,12,5,2.2575,2.2575,3067500,2024
701,"Jake Fraley",15,15,6,2,15,6,4.025909091,4.025909091,6015000,2025
702,"Jake Lamb",23.75,25,9.25,4,40,15,7.125,7.138333333,17606060,2023
703,"Jake McCarthy",20,20,8,1,20,8,0.898636364,0.898636364,1501600,2025
704,"Jake Rogers",15,15,6,1,15,6,5.81632411,5.762990777,5066000,2025
706,"James Outman",200,200,75,1,200,75,3.745,3.745,1492500,2024
707,"Jameson Taillon",21.6666666666667,25,8.66666666666667,3,30,12,-0.612018634,17.07126294,56942500,2025
708,"Jared Jones",307,375,118.5,10,800,300,0,1.776666667,740000,2024
713,"Jarren Duran",60.7,80,24.2,10,150,60,8.695869565,8.695869565,4510000,2025
715,"Jason Hammel",25,25,10,1,25,10,-0.415,16.091666668,55218500,2018
716,"Jason Heyward",40,52.5,15.3333333333333,3,80,30,40.040305936,40.040305936,190131500,2025
717,"Jason Kipnis",25,30,9.66666666666667,3,40,15,22.080624224,22.080624224,51091500,2020
718,"Jason Varitek",48,50,19,5,100,40,22.629627329,22.629627329,67124530,2011
719,"Jasson Dominguez",578.787878787879,1000,234.181818181818,33,2500,1000,3.051818182,3.051818182,745800,2025
720,"Javier Baez",62.0454545454545,80,24.6136363636364,44,150,60,27.852894033,27.852894033,120587000,2025
721,"Jay Bruce",42.5,51.25,17.5,2,60,25,20.1845,20.1845,89999166,2021
725,"Jean Segura",15,15,6,3,15,6,27.6865,27.6865,85860000,2023
726,"Jeff Bagwell",47.0833333333333,50,18.5,12,80,30,83.800853795,83.800853795,108765000,2005
728,"Jeff Hoffman",15,15,6,1,15,6,-0.27006135,6.583973229,11338667,2025
729,"Jeff McNeil",31.125,42.5,12.53125,32,80,30,22.4865,22.4865,20067714,2024
730,"Jeffrey Springs",20,20,8,1,20,8,0,3.143484848,21255000,2025
733,"Jeremy Pena",52.5,66.25,220,2,80,410,17.527080746,17.527080746,5638400,2025
735,"Jesse Winker",68.3333333333333,90,26.6666666666667,3,100,40,7.957363636,7.957363636,28275000,2025
736,"Jesus Aguilar",25,25,10,1,25,10,3.800120527,3.800120527,18905700,2023
737,"Jesus Luzardo",58.6666666666667,95,23.5,6,120,50,0.045,18.128393941,14575000,2025
738,"Jesus Sanchez",25,25,10,1,25,10,2.509996894,2.565856108,9463000,2025
743,"Jhoan Duran",25,25,10,1,25,10,0,5.90969697,5592200,2025
746,"Jim Edmonds",40,40,15,1,40,15,63.543914971,63.543914971,86422907,2010
751,"Jim Thome",80.5555555555556,115,32.6666666666667,18,150,60,72.558011007,72.558011007,142711667,2012
759,"Joc Pederson",30.7142857142857,37.5,12.4285714285714,7,60,25,8.29195787,8.29195787,72335000,2025
764,"Joe Mauer",50,50,30,1,50,30,54.358466257,54.358466257,218025000,2018
766,"Joe Musgrove",26.3333333333333,25,10.3333333333333,9,80,30,-0.264347826,18.476507246,53121900,2024
767,"Joe Panik",65,82.5,26,2,100,40,6.7355,6.7355,10767500,2021
770,"Joey Bart",60,60,25,1,60,25,5.473304348,5.473304348,2680000,2025
772,"Joey Lucchesi",15,15,6,1,15,6,-0.475,4.069666667,3365100,2024
773,"Joey Rickard",25,25,10,1,25,10,1.3565,1.3565,1616500,2020
775,"Joey Votto",80.8205128205128,100,32.2051282051282,39,300,125,61.686,61.686,253263155,2023
776,"Johan Camargo",20,22.5,8,2,25,10,3.872450311,3.872450311,5590000,2023
780,"John Means",20,20,8,1,20,8,0.205,10.466666666,9805500,2024
781,"John Olerud",25,25,10,2,25,10,59.195972826,59.195972826,68243667,2005
783,"John Smoltz",46.0869565217391,50,18.2173913043478,23,150,60,3.022266529,79.617791633,127157946,2009
788,"Johnny Cueto",15,15,6,1,15,6,-2.245,35.674666667,168453000,2024
789,"Johnny Damon",17.125,25,9.375,8,25,20,50.475190218,50.475190218,111689000,2012
792,"Jon Lester",40,40,15,1,40,15,-0.164601227,48.087948875,188555500,2021
793,"Jonathan India",80.5,75,32.5,10,300,125,7.229782609,7.229782609,4560000,2025
794,"Jonathan Loaisiga",24.1666666666667,25,9.66666666666667,6,50,20,-0.01,4.284,7515550,2024
795,"Jonathan Schoop",15,15,6,1,15,6,20.703548762,20.720215429,46613000,2023
798,"Jordan Montgomery",31.25,31.25,12.5,4,50,20,0.045,14.022333333,45647050,2024
799,"Jordan Romano",25,25,10,1,25,10,0,2.215090909,20787500,2025
802,"Jordan Westburg",385,475,153.5,10,1000,400,5.581428571,5.581428571,745800,2025
805,"Jorge Alfaro",40,52.5,15.3333333333333,3,80,30,2.592,2.592,5892000,2023
807,"Jorge Posada",54,60,21.3,10,80,30,41.783652975,41.783652975,117458500,2011
808,"Jorge Soler",35,45,14,7,60,25,10.519496895,10.519496895,71683335,2025
809,"Jose Abreu",19.75,21.25,7.75,4,40,15,32.726729814,32.726729814,157825000,2024
812,"Jose Altuve",60.1348314606742,80,23.8314606741573,89,200,75,56.854863354,56.854863354,209238700,2025
814,"Jose Bautista",22.5,23.75,9,2,25,10,35.527015776,35.62370892,106728000,2018
815,"Jose Berrios",50.1666666666667,36.25,20,6,200,75,0.06,20.877969699,74172143,2025
817,"Jose Canseco",33.5294117647059,40,13.2352941176471,34,100,40,43.879556419,43.816223086,45080000,2001
818,"Jose Fernandez",32.5,41.25,13,2,50,20,0.26810559,13.65547619,4576000,2019
819,"Jose Martinez",15,15,6,1,15,6,2.466730769,2.291346154,2220400,2020
820,"Jose Ramirez",25.9677419354839,30,10.3225806451613,31,60,25,58.420683231,57.914699794,98638250,2025
821,"Josh Bell",27.4285714285714,32.5,11,7,60,25,4.514617166,4.514617166,61858500,2025
822,"Josh Donaldson",36.4736842105263,40,14.2894736842105,19,120,50,47.804,47.814,164422500,2023
823,"Josh Hader",22.4444444444444,20,9,9,50,20,-0.015153374,18.758661979,75119100,2025
824,"Josh Harrison",42.5,50,17,4,50,20,15.924124224,15.644124224,36800000,2023
825,"Josh Jung",54.0909090909091,55,20.8181818181818,11,150,60,5.030909091,5.030909091,1477485,2025
826,"Josh Naylor",23.3333333333333,27.5,9,3,40,15,12.395480802,12.395480802,21950000,2025
827,"Josh Rojas",15,15,6,1,15,6,5.9895,5.832833333,5675000,2024
828,"Josh Tomlin",25,25,10,1,25,10,0.301304348,6.720701863,13813500,2021
829,"Josiah Gray",20,20,6,1,20,6,-0.12,2.356666667,1487400,2024
832,"Juan Gonzalez",29.2857142857143,36.25,11.3571428571429,14,80,30,37.672407774,37.672407774,87037500,2005
834,"Juan Soto",162.045112781955,200,52.5112781954887,133,4150,250,45.706136364,45.706136364,132053300,2025
848,"Julio Rodriguez",2081.78571428571,3500,786.785714285714,14,8000,3000,20.045909091,20.045909091,39257143,2025
850,"Julio Teheran",25,25,10,1,25,10,0.330962733,17.297322981,44723334,2024
851,"Julio Urias",27.2666666666667,32.5,10.9333333333333,15,60,25,0.390030675,17.563396728,27965000,2023
853,"Justin Smoak",23.75,28.75,9.25,4,40,15,5.2045,5.2045,29215600,2020
857,"Justin Turner",33.6363636363636,50,13.4545454545455,11,50,20,38.336484663,38.346484663,132895756,2025
858,"Justin Upton",19,20,7.6,5,20,8,33.313059006,33.313059006,173471666,2022
859,"Justin Verlander",27.3333333333333,35,11,3,50,20,-0.494478146,82.121835578,386181666,2025
860,"Justus Sheffield",16.6666666666667,17.5,6.66666666666667,3,20,8,0.065,2.260333334,0,2022
863,"Kameron Misner",1,1,6,1,1,6,4.531363636,4.531363636,0,2025
866,"Keith Foulke",15,15,6,1,15,6,-0.045,17.474258216,33515000,2008
869,"Ken Giles",12,12,5,1,12,5,0,7.965999999,27347300,2022
875,"Kendrys Morales",17.5,18.75,7,2,20,8,10.865,10.871666666,66435000,2019
876,"Kenley Jansen",15,15,6,2,15,6,0.185,28.241741163,161260767,2025
877,"Kenny Lofton",48.3333333333333,57.5,19.1666666666667,6,80,30,69.024188115,69.024188115,60581236,2007
878,"Kenta Maeda",46.3636363636364,50,18,11,200,75,0.176380368,13.116151329,45875000,2025
879,"Kerry Wood",35.4,50,14.4,5,60,25,0.900276074,26.570869755,73135000,2012
886,"Keston Hiura",25,25,10,1,25,10,1.6465,1.6465,0,2024
887,"Ketel Marte",26.6666666666667,32.5,10.3333333333333,3,40,15,32.826909091,32.826909091,62715400,2025
888,"Kevin Gausman",15,15,6,1,15,6,-0.155,35.087757575,134856500,2025
891,"Khris Davis",34.5555555555556,40,13.8333333333333,18,120,50,10.4495,10.4495,67537000,2021
905,"Kris Bryant",168.072222222222,200,72.7111111111111,180,1500,1000,25.145905785,25.145905785,164552000,2025
912,"Kyle Farmer",13.5,15,5.5,4,15,6,7.914273006,7.924273006,18737500,2025
913,"Kyle Freeland",25,25,10,1,25,10,-0.399087757,21.631380052,57510000,2025
914,"Kyle Hendricks",46.6666666666667,50,18.3333333333333,3,50,20,-1.08791411,30.026348816,86391500,2025
915,"Kyle Schwarber",41.90625,50,16.46875,32,150,60,23.39290184,23.39290184,98092000,2025
916,"Kyle Seager",20.4,20,8,5,40,15,38.0695,38.0695,101534800,2021
917,"Kyle Tucker",60.1267605633803,80,23.887323943662,71,300,125,33.158358696,33.158358696,33500000,2025
918,"Kyle Wright",30,37.5,12,7,50,20,0.010559006,2.814923396,1315000,2023
919,"Kyren Paris",25,25,10,1,25,10,9.285714286,9.285714286,740000,2025
929,"Lane Thomas",17.3333333333333,20,7,3,20,8,2.948842365,2.882175698,12225000,2025
932,"Larry Walker",30,30,12,2,30,12,73.30825381,73.30825381,110466931,2005
953,"Logan Allen",41,50,16,5,80,30,0.08,4.69457971,744300,2025
954,"Logan Gilbert",50,50,20,1,50,20,0,17.963636364,12442300,2025
955,"Logan Webb",25.25,27.5,10.125,8,50,20,0.235,25.251878788,24600000,2025
956,"Lonnie Chisenhall",25,25,10,1,25,10,8.593975155,8.593975155,15866200,2018
957,"Lorenzo Cain",20,22.5,8,2,25,10,34.871174847,34.871174847,101755025,2022
963,"Lucas Giolito",23.1428571428571,30,9,7,40,15,-0.029906832,15.529095236,23128000,2023
966,"Luis Arraez",74.1666666666667,105,29.0833333333333,12,200,75,13.78,13.78,32825000,2025
968,"Luis Campusano",15,15,6,1,15,6,0.09,0.09,1477400,2024
969,"Luis Garcia",25,25,10,1,25,10,-0.256304348,6.55463768,17097200,2025
970,"Luis Gil",40,40,15,1,40,15,0,3.45,740000,2024
971,"Luis Gonzalez",50,50,20,1,50,20,53.859776397,53.86310973,66362259,2022
972,"Luis Matos",50,50,20,2,50,20,1.455354155,1.455354155,5024750,2025
975,"Luis Severino",42,42.5,16.4722222222222,36,200,75,-0.1,20.044848485,76427250,2025
976,"Luis Urias",30.85,40,12.2,20,100,40,7.107590909,7.107590909,13906400,2025
977,"Luisangel Acuna",125,137.5,50,2,150,60,2.929545455,2.929545455,0,2025
978,"Luiz Gohara",9,12,3.625,2,15,6,-0.14,0.163333333,555000,2018
979,"Luke Voit",56.5384615384615,60,22.7692307692308,13,120,50,7.961,7.961,12723200,2023
990,"MacKenzie Gore",50,65,19,2,80,30,0,10.19,4362900,2025
993,"Madison Bumgarner",65,72.5,25,2,80,30,5.005,37.862000002,128510000,2023
995,"Maikel Franco",30,35,11.5,2,40,15,3.6555,3.6555,13677500,2022
999,"Manny Machado",62.8991596638655,80,27.1533613445378,119,500,300,66.946121863,66.946121863,193334727,2025
1003,"Marcell Ozuna",17.8,20,7.13333333333333,15,40,15,39.9430559,39.9430559,124370000,2025
1006,"Marcus Stroman",25,25,10,1,25,10,0.17,20.707272727,124230600,2025
1008,"Mariano Rivera",144.64,250,59.08,25,300,125,-0.005,49.695818031,169441825,2013
1010,"Mark Grace",38.3333333333333,40,15.8333333333333,6,60,25,47.299362944,47.262696277,45965000,2003
1011,"Mark McGwire",70.4,100,27.6666666666667,45,250,100,65.328096433,65.328096433,74688354,2001
1012,"Mark Melancon",15,15,6,1,15,6,0.035,13.862333334,70508000,2022
1013,"Mark Vientos",50,50,20,1,50,20,0.127727273,0.127727273,740000,2025
1021,"Masahiro Tanaka",177.5,287.5,80.1,10,300,150,-0.13,19.635666668,155000000,2020
1023,"Mason McCoy",12,12,5,1,12,5,0.045,0.045,0,2024
1025,"Matt Carpenter",32.9166666666667,28.75,13.1666666666667,12,120,50,30.578103448,30.591436781,94234000,2024
1026,"Matt Chapman",21.2142857142857,25,8.42857142857143,14,40,15,44.962818182,44.962818182,75784167,2025
1027,"Matt Harvey",15,15,6,1,15,6,-0.68,10.567666667,28187875,2021
1028,"Matt Manning",67.5,93.75,28,2,120,50,-0.005,2.238333334,1469200,2024
1029,"Matt Mervis",12,12,5,1,12,5,0.314285714,0.190952381,740000,2025
1030,"Matt Olson",30.5609756097561,30,12.0243902439024,41,100,40,35.328,35.328,86122500,2025
1031,"Matt Strahm",20,22.5,8,2,25,10,0.3,12.390757576,30573300,2025
1032,"Matt Thaiss",25,25,10,1,25,10,3.234428571,3.234428571,2510000,2025
1033,"Matt Wallner",25,25,10,1,25,10,8.980909091,8.997575758,745550,2025
1034,"Matt Wieters",22.5,26.25,9,4,30,12,16.678275862,16.678275862,61752250,2020
1035,"Matthew Liberatore",18.5,21.75,30,2,25,50,0,4.158484848,747200,2025
1039,"Mauricio Dubon",15.2,15,6.2,5,25,10,7.777652174,7.777652174,9900000,2025
1042,"Max Fried",33.6842105263158,40,13.4210526315789,19,60,25,1.104285714,33.298765104,53915000,2025
1043,"Max Kepler",13.5,14.25,5.5,2,15,6,20.663818182,20.663818182,55135000,2025
1044,"Max Muncy",18.9230769230769,20,7.92307692307692,13,40,15,19.291418136,19.291418136,62575000,2025
1045,"Max Scherzer",66.5,85,31.875,8,100,50,1.01,78.051878788,366550658,2025
1063,"Merrill Kelly",25,25,10,1,25,10,-0.72,16.104121212,38500000,2025
1067,"Michael Busch",48.3333333333333,60,18.3333333333333,3,80,30,8.6375,8.6375,741500,2025
1069,"Michael Conforto",62.5,85,24.25,4,100,40,22.101782609,22.101782609,78952244,2025
1070,"Michael Fulmer",30,40,11.9090909090909,11,60,25,-0.215093168,9.258860571,15977100,2025
1072,"Michael King",25,25,10,1,25,10,0,13.798484849,8450000,2025
1073,"Michael Kopech",36.0869565217391,40,14.304347826087,23,150,60,-0.005,4.231666667,5050000,2024
1075,"Michel Baez",25,25,10,1,25,10,0,0.457666667,0,2022
1078,"Mickey Moniak",15,15,6,1,15,6,3.761785714,3.761785714,770000,2025
1079,"Miguel Andujar",54.8181818181818,60,21.5,66,210,75,2.566454545,2.566454545,8142600,2025
1080,"Miguel Cabrera",30.1320754716981,25,12.0377358490566,53,200,75,68.274987182,68.274987182,400410623,2023
1083,"Mike Mussina",40,50,16,3,50,20,0.06596159,84.693848566,144533619,2008
1084,"Mike Piazza",79.4117647058823,100,32,17,300,125,63.296020628,63.296020628,120176002,2007
1089,"Mike Stanton",15,15,6,1,15,6,0.491085322,15.262812654,30971001,2007
1090,"Mike Trout",229.244582043344,400,109.50773993808,323,2500,1000,91.4335,91.4335,319251166,2025
1091,"Mike Yastrzemski",13.5,14.25,5.5,2,15,6,22.553590909,22.496924242,26950000,2025
1092,"Miles Mikolas",31.25,31.25,12,4,80,30,0.045,11.650757576,105250000,2025
1110,"Mookie Betts",35.4875,30,14.19375,80,300,125,75.600586957,75.600586957,191613833,2025
1123,"Myles Straw",15,15,6,1,15,6,10.521854602,10.521854602,9450000,2025
1134,"Nick Castellanos",15,15,6,2,15,6,17.636142575,17.636142575,130561500,2025
1135,"Nick Gonzales",20,20,8,5,25,10,1.669347826,1.669347826,740000,2025
1137,"Nick Lodolo",33.5714285714286,45,13.4285714285714,7,60,25,0,8.698787878,3465000,2025
1138,"Nick Loftin",37.5,43.75,15,2,50,20,0.41,0.423333333,741900,2024
1139,"Nick Martini",15.5,16.25,6.25,4,20,8,2.099285714,2.112619047,1307500,2025
1144,"Nicky Lopez",40,40,15,1,40,15,6.607285714,6.503,11400000,2025
1146,"Nico Hoerner",37.6666666666667,32.5,15.0625,48,200,75,19.405,19.405,25525000,2025
1147,"Niko Goodrum",17.5,18.75,7,2,20,8,3.578388306,3.578388306,4870500,2024
1151,"Noah Syndergaard",44.9305555555556,50,209.444444444444,72,200,13525,1.285,17.918333332,53815875,2023
1152,"Noelvi Marte",61.6666666666667,80,25,3,120,50,1.011363636,1.011363636,740000,2025
1155,"Nolan Arenado",28.7424242424242,28.75,11.4393939393939,66,120,50,62.088197155,62.088197155,268512500,2025
1157,"Nolan Gorman",333.928571428571,475,132.5,14,1000,400,3.995909091,3.995909091,1482500,2025
1158,"Nolan Jones",20,20,8,1,20,8,1.766428571,1.766428571,740000,2025
1159,"Nolan Reimold",12,12,5,1,12,5,2.285,2.285,3190500,2016
1164,"Nomar Garciaparra",28,25,11.2,5,50,20,42.897329193,42.897329193,78467394,2009
1165,"Nomar Mazara",26.875,26.25,10.5,8,80,30,1.3945,1.3945,6160010,2022
1167,"Odubel Herrera",22.5,26.25,9,4,30,12,13.35,13.35,22928000,2022
1182,"Omar Vizquel",29.5714285714286,45,11.8571428571429,7,60,25,44.544087492,44.544087492,63210668,2012
1186,"Orlando Arcia",20,22.5,8,2,25,10,5.693731052,5.415731052,13763400,2025
1199,"Oswald Peraza",25,25,10,1,25,10,1.321363636,1.321363636,766600,2025
1204,"Ozzie Albies",54.8118811881188,60,21.7326732673267,101,300,125,26.740496894,26.740496894,31130000,2025
1205,"Ozzie Guillen",12,12,5,1,12,5,17.232864135,17.232864135,23492500,2000
1208,"Pablo Lopez",12,12,5,1,12,5,-0.019440994,20.362906456,38455000,2025
1217,"Parker Meadows",20,20,8,1,20,8,3.165,3.165,746900,2024
1218,"Pat Neshek",12,12,5,1,12,5,0,9.0697137,38055000,2019
1220,"Patrick Bailey",121.25,130,45.75,4,400,150,5.21,5.21,747500,2025
1221,"Patrick Corbin",13.5,14.25,5.5,2,15,6,0.765,22.852545455,156093000,2025
1223,"Paul Blackburn",15,15,6,1,15,6,-0.045,2.608000001,5897500,2024
1224,"Paul DeJong",33.3333333333333,45,13.1333333333333,15,80,30,13.21007837,13.21007837,26750000,2025
1227,"Paul Goldschmidt",56.8260869565217,60,22.2826086956522,46,400,150,67.071943574,67.071943574,188032000,2025
1228,"Paul Konerko",24.1666666666667,23.75,9.5,6,40,15,26.025920245,26.025920245,129790000,2014
1231,"Pedro Martinez",84.0476190476191,100,33.3809523809524,21,150,60,-2.350334008,86.779062616,146785585,2009
1245,"Pete Alonso",117.452554744526,150,46.8686131386861,137,800,300,30.91990909,30.91990909,72955000,2025
1291,"Quinn Priester",25,25,10,1,25,10,0,2.24,740000,2025
1293,"Rafael Devers",83.175,120,33.0416666666667,120,500,200,26.69626087,26.69626087,93454000,2025
1295,"Rafael Palmeiro",30,30,12,1,30,12,73.509115599,73.509115599,89083996,2005
1298,"Ramon Laureano",30.1578947368421,25,12,19,150,60,17.152736025,17.152736025,15707500,2025
1299,"Randy Arozarena",65.0833333333333,100,25.9583333333333,12,200,75,18.489045455,18.489045455,23550000,2025
1300,"Randy Dobnak",12,12,5,1,12,5,0,2.062121212,5950000,2025
1301,"Randy Johnson",110.777777777778,120,50,18,500,300,0.0103393289999999,109.754938581,175583519,2009
1302,"Ranger Suarez",80,90,32.5,2,100,40,0.355,12.384000001,8000000,2024
1304,"Raul Mondesi",15.6666666666667,17.5,6.33333333333333,3,20,8,29.310320917,29.310320917,66470000,2005
1308,"Rece Hinds",55,65,21.25,4,80,30,0.7,0.7,0,2024
1313,"Reid Detmers",52.5,28.75,20.1666666666667,6,200,75,0.02,4.947142857,3335000,2025
1318,"Rhys Hoskins",56.98,60,23.288,125,500,250,14.019272727,14.019272727,43627500,2025
1321,"Rick Ankiel",40.8333333333333,55,16,6,80,30,4.998043478,8.907732919,11097500,2013
1322,"Rick Porcello",68.75,85,29,4,100,40,0.019447853,24.469075665,127251000,2020
1323,"Rickey Henderson",62.4444444444444,100,25.6666666666667,54,250,100,113.807436527,113.807436527,44525000,2003
1326,"Riley Greene",81.6666666666667,110,32,15,200,75,8.179090909,8.179090909,1494100,2025
1339,"Rob Refsnyder",15,15,6,1,15,6,2.786086957,2.786086957,5250000,2025
1341,"Roberto Alomar",37,42.5,14.65,20,100,40,66.384071324,66.384071324,76666315,2004
1343,"Roberto Osuna",12,12,5,1,12,5,0,9.233333333,22868500,2020
1346,"Robinson Cano",15,15,6,1,15,6,65.3795,65.3795,214691403,2022
1351,"Roger Clemens",53.5555555555556,80,21.2222222222222,27,100,40,0.622795221,141.139502316,150601000,2007
1362,"Ronald Torreyes",21,25.5,8.5,2,30,12,1.4955,1.398833333,2486000,2021
1365,"Ronny Mauricio",42.7142857142857,65,16.5714285714286,7,80,30,0.23,0.23,0,2023
1371,"Rougned Odor",20,20,8,1,20,8,8.114,8.114,36003217,2023
1374,"Roy Halladay",50,55,20,3,60,25,-1.07052795,66.002901281,148991666,2013
1375,"Roy Oswalt",18,18.75,7.25,4,30,12,0.001061997,52.490011814,96950000,2013
1376,"Royce Lewis",67,80,26,21,200,75,3.69,3.69,745700,2024
1384,"Ryan Borucki",25,25,10,1,25,10,0,2.994463768,4140200,2025
1385,"Ryan Brasier",100,100,40,1,100,40,0,3.621833333,9727500,2025
1386,"Ryan Braun",25.875,26.25,10.375,8,50,20,45.653825153,45.06049182,140942500,2020
1388,"Ryan McMahon",24,25,9.4,5,40,15,14.419492093,14.419492093,41482000,2025
1389,"Ryan Mountcastle",25,25,10,3,25,10,11.070642857,11.070642857,11662900,2025
1390,"Ryan Weathers",50,50,20,1,50,20,0.12,0.863333334,1480200,2024
1392,"Ryan Zimmerman",25,25,10,2,25,10,39.831770187,39.831770187,134492000,2021
1396,"Ryon Healy",18.3333333333333,20,7.33333333333333,3,25,10,1.981,1.981,2117300,2020
1403,"Salvador Perez",27.0344827586207,40,10.551724137931,29,80,30,27.644282609,27.644282609,128300000,2025
1405,"Sam Hilliard",20,20,8,1,20,8,2.466071429,2.466071429,750000,2024
1410,"Sandy Alcantara",62.0588235294118,60,25.1176470588235,17,150,60,-0.590559006,18.500604554,27955000,2025
1428,"Scooter Gennett",40,40,15,2,40,15,8.475,8.388333333,17013600,2019
1438,"Sean Doolittle",25,25,10,1,25,10,-0.035,9.933000001,25992500,2022
1439,"Sean Manaea",12,12,5,1,12,5,0.18,16.626666667,38437500,2024
1440,"Sean Murphy",24.375,25,9.8125,16,60,25,20.568357143,20.568357143,28000000,2025
1441,"Sean Newcomb",15,15,6,1,15,6,-0.745093168,2.569842649,3030000,2025
1445,"Seiya Suzuki",400,400,150,1,400,150,12.7075,12.7075,66000000,2025
1446,"Sergio Romo",20,20,8,1,20,8,-0.05,10.575666667,43843200,2022
1448,"Seth Brown",55,72.5,21.8333333333333,6,120,50,1.166772727,1.166772727,6030000,2025
1449,"Seth Lugo",20,22.5,8,2,25,10,0.235,18.329130436,47024375,2025
1451,"Shane Baz",30,35,11.5,2,40,15,0,5.39969697,2193600,2025
1452,"Shane Bieber",30,36.25,11.8333333333333,6,50,20,-0.055,26.330948241,29694600,2024
1453,"Shane McClanahan",80,80,30,1,80,30,0,9.216666667,737000,2023
1455,"Shawn Green",22.5,23.75,9,2,25,10,32.141320786,32.141320786,100616066,2007
1456,"Shea Langeliers",36.6666666666667,47.5,14.6666666666667,6,60,25,6.667272727,6.667272727,1465000,2025
1459,"Shohei Ohtani",2795.51724137931,600,728.35736677116,319,43000,41250,33.837456522,47.194789856,96128888,2025
1465,"Sixto Sanchez",75,87.5,30,2,100,40,0,2.920333333,742000,2024
1477,"Sonny Gray",16.6666666666667,17.5,6.66666666666667,3,20,8,-0.045,39.219030303,74450833,2025
1482,"Spencer Strider",250,250,100,1,250,100,-0.010062112,8.570248447,6000000,2025
1483,"Spencer Torkelson",610.714285714286,400,252.285714285714,7,3000,1250,9.31,9.31,1488800,2025
1496,"Starling Marte",59.625,85,23.5,8,120,50,38.683540938,38.683540938,131166666,2025
1499,"Stephen Piscotty",23,28.75,9,4,40,15,7.1375,7.1375,33012500,2022
1500,"Stephen Strasburg",30,30,2,1,30,2,1.229658385,34.576453416,215050000,2022
1504,"Steve Pearce",66,93,27.5,2,120,50,8.795031056,8.795031056,29435000,2019
1505,"Steven Duggar",26,33,10,2,40,15,1.1075,1.1075,558125,2022
1506,"Steven Matz",40,40,15,1,40,15,0.805,12.147878788,53280000,2025
1531,"Taijuan Walker",25,25,10,1,25,10,0.345,17.032090908,86644100,2025
1535,"Tanner Houck",20,20,10,1,20,10,-0.005,6.491652174,5460000,2025
1536,"Tarik Skubal",156.428571428571,250,59.7142857142857,7,400,150,-0.015,18.561353186,12800000,2025
1541,"Taylor Ward",22.4210526315789,25,9,19,50,20,9.167142857,9.167142857,15375000,2025
1545,"Teoscar Hernandez",22.8571428571429,25,7.71428571428571,7,25,10,21.418956522,21.418956522,70715267,2025
1548,"Thairo Estrada",34.4444444444444,25,13.7777777777778,9,150,60,6.008,6.008,7505000,2024
1553,"Thomas Saggese",100,100,40,1,100,40,3.173636364,3.173636364,0,2025
1561,"Tim Anderson",36.25,45,14.25,8,80,30,21.141357143,21.141357143,42750000,2025
1562,"Tim Beckham",12,12,5,1,12,5,3.384509202,3.384509202,7007600,2022
1564,"Tim Raines",29.0909090909091,32.5,11.5454545454545,11,50,20,70.613934345,70.613934345,35736754,2002
1565,"Tim Wakefield",42.5,51.25,17.5,2,60,25,-0.229875776,33.340134576,55995000,2011
1567,"Tino Martinez",31.25,35,12.5,4,50,20,29.873176189,29.873176189,51945000,2005
1569,"Todd Helton",32.5,40,12.5,4,40,15,58.348435583,58.348435583,161490000,2013
1570,"Tom Glavine",40.9523809523809,50,16.3809523809524,21,100,40,6.773066075,84.969397911,128639293,2008
1572,"Tomas Nido",12,12,5,1,12,5,1.156,1.156,5146300,2025
1573,"Tommy Edman",25,25,10,2,25,10,27.314925038,27.314925038,12600000,2025
1576,"Tommy Pham",26.25,28.75,10.25,4,40,15,15.253282609,15.253282609,30105100,2025
1577,"Tomoyuki Sugano",15,15,6,1,15,6,0,2.005714286,13000000,2025
1578,"Tony Gonsolin",13.5,15,5.5,6,15,6,0.195,11.043333333,3250000,2023
1579,"Tony Gwynn",26.8333333333333,25,10.6875,12,100,40,73.78915036,73.78915036,51259134,2014
1582,"Tony Pena",20,20,8,1,20,8,24.246007074,26.056007074,22634499,2011
1584,"Torii Hunter",32.5,35,12.9166666666667,12,80,30,46.746614906,46.746614906,171055000,2015
1590,"Travis Shaw",14.25,15,5.75,4,15,6,8.366969325,8.366969325,12501800,2022
1596,"Trea Turner",30.9230769230769,40,12.2307692307692,26,60,25,47.334590909,47.334590909,128125281,2025
1597,"Trent Grisham",42.2272727272727,50,16.9545454545455,22,120,50,20.593,20.593,13675000,2025
1599,"Tres Barrera",13.7142857142857,15,5.57142857142857,7,15,6,0.145,0.145,0,2023
1600,"Trevor Bauer",42.1428571428571,50,16.7142857142857,7,60,25,-0.350465838,27.179503107,77398332,2021
1601,"Trevor Hoffman",26.6666666666667,30,10.5,6,40,15,-0.150144231,28.276971943,80309000,2010
1603,"Trevor Larnach",23.3333333333333,27.5,9.33333333333333,3,30,12,0.87,0.87,3573650,2025
1604,"Trevor Story",30.08,25,11.48,25,80,30,37.363672674,37.363672674,119102500,2025
1606,"Trey Mancini",34.2333333333333,50,13.6,30,100,40,7.83,7.83,20918000,2023
1609,"Triston McKenzie",17.5,18.75,7,2,20,8,0.075,5.410149068,3550000,2025
1622,"Troy Glaus",22.5,26.25,9,2,30,12,36.275,36.275,78939500,2010
1624,"Troy Tulowitzki",17.5,18.75,7,2,20,8,41.148343558,41.148343558,125381000,2019
1634,"Tyler Austin",15,15,6,1,15,6,0.66,0.66,1112600,2019
1635,"Tyler Fitzgerald",60,60,25,1,60,25,8.855454545,8.802121212,741875,2025
1636,"Tyler Glasnow",26.84,30,10.56,25,80,30,0.324875776,15.151035197,68164200,2025
1637,"Tyler Mahle",25,25,10,1,25,10,-0.5,20.555878789,38015000,2025
1638,"Tyler Naquin",30,30,12,1,30,12,2.396313665,2.396313665,9186900,2023
1639,"Tyler Skaggs",20,22.5,8,2,25,10,-0.075,5.094999999,7147250,2019
1640,"Tyler Soderstrom",40,40,15,1,40,15,7.383181818,7.383181818,740000,2025
1641,"Tyler Stephenson",18,18,6,1,18,6,6.811,6.811,3265000,2024
1642,"Tyler Wade",20,22.5,8,3,30,12,1.126818182,1.126818182,3648300,2025
1644,"Tyrone Taylor",15,15,6,1,15,6,5.921,5.921,5785400,2025
1664,"Victor Robles",60,60,25,1,60,25,6.560045455,6.560045455,11307800,2025
1668,"Vladimir Guerrero",43.8333333333333,60,17.875,12,120,50,56.975,56.975,125541455,2011
1679,"Wade Davis",25,25,10,1,25,10,0.07,11.848261759,87589000,2021
1680,"Walker Buehler",60.4888888888889,60,24.1555555555556,45,300,125,0.044355828,15.366455766,34645000,2025
1683,"Wander Franco",161.346153846154,250,63.1153846153846,26,500,200,10.325,10.325,3909091,2023
1688,"Wenceel Perez",25,25,0,1,25,0,0.895,0.895,740000,2024
1690,"Whit Merrifield",36.4545454545455,40,14.2272727272727,22,200,75,20.814,20.724,34069500,2024
1693,"Wil Myers",15,15,6,1,15,6,17.772757669,17.659424336,89547900,2023
1694,"Will Clark",72.6923076923077,80,28.9230769230769,13,120,50,56.006304489,56.006304489,54221863,2000
1695,"Will Smith",40.7142857142857,50,16.0714285714286,14,80,30,26.186978261,31.988309523,92514500,2025
1696,"William Contreras",30,30,12,1,30,12,16.816892433,16.816892433,7505900,2025
1706,"Willson Contreras",40.2941176470588,40,21.7352941176471,34,100,215,21.999592582,21.999592582,68608000,2025
1707,"Willy Adames",22.2727272727273,25,8.90909090909091,11,50,20,19.704727273,19.704727273,39255257,2025
1713,"Xander Bogaerts",30.1,40,11.9666666666667,30,100,40,45.318090909,45.318090909,161624136,2025
1715,"Yadier Molina",89.0833333333333,105,35.6388888888889,36,300,125,49.494950739,49.381617406,173998500,2022
1717,"Yairo Munoz",15,15,6,1,15,6,0.5385,0.5385,1107000,2022
1718,"Yandy Diaz",12,12,5,2,12,5,15.927818182,15.927818182,27893400,2025
1721,"Yasiel Puig",27.5,33.75,10.5,2,40,15,19.120490798,19.120490798,47984000,2019
1725,"Yoan Moncada",74.6756756756757,100,30.2972972972973,37,300,150,15.342111801,15.342111801,71130000,2025
1726,"Yoenis Cespedes",25.5,28.75,10,4,40,15,20.904919255,20.904919255,121000000,2020
1728,"Yonathan Daza",15,15,6,2,15,6,0.392360248,0.392360248,730000,2023
1729,"Yordan Alvarez",105.434782608696,120,43,92,1000,400,22.25060559,22.25060559,35264599,2025
1734,"Yu Chang",37.25,42.5,14.85,20,120,50,1.004,0.904,850000,2023
1735,"Yu Darvish",42.5,51.25,17.5,2,60,25,-0.439325154,40.488521473,195000000,2024
1736,"Yuli Gurriel",30,35,11.5,2,40,15,9.079909091,9.079909091,64600000,2025
1742,"Yusei Kikuchi",34.1875,28.75,11.9375,16,100,40,0.045,10.751832298,100225000,2025
1743,"Zac Gallen",31.9230769230769,20,12.6923076923077,13,100,40,0.09,22.661333333,29111000,2025
1747,"Zach Plesac",60,60,25,1,60,25,0.01,7.648333333,3950000,2024
1750,"Zack Littell",15,15,6,1,15,6,0.015,2.646757575,8140500,2025
1751,"Zack Wheeler",18.6363636363636,20,7.45454545454545,11,25,10,0.575,44.339363636,169187375,2025
